City,Latitude,Longitude
Tokyo :,"35°41'6.0"" N","139°45'3.6"" E"
Beijing Shi :,"39°55'44.0"" N","116°23'16.8"" E"
Shanghai :,"31°0'18.0"" N","121°24'32.4"" E"
Buenos Aires :,"34°35'15.0"" S","58°40'21.0"" W"
Bombay :,"18°58'30.0"" N","72°49'32.9"" E"
Karachi :,"24°52'0.1"" N","67°2'60.0"" E"
Constantinople :,"41°1'7.0"" N","28°57'52.9"" E"
Mexico (México) :,"19°23'60.0"" N","99°2'60.0"" W"
Delhi :,"28°40'0.1"" N","77°13'0.1"" E"
Manila :,"14°36'15.1"" N","120°58'55.2"" E"
Moscow :,"55°45'7.9"" N","37°36'56.2"" E"
Seoul :,"37°33'59.0"" N","127°0'0.0"" E"
Sao Paulo (S?o Paulo) :,"23°31'59.9"" S","46°37'0.1"" W"
Istanbul :,"41°1'7.0"" N","28°57'52.9"" E"
Lagos :,"6°27'11.0"" N","3°23'45.0"" E"
Mexico :,"19°26'3.1"" N","99°8'19.0"" W"
Jakarta :,"6°10'28.0"" S","106°49'44.4"" E"
Edo :,"35°41'6.0"" N","139°45'3.6"" E"
New York :,"40°42'51.1"" N","74°0'23.0"" W"
Kinshasa :,"4°17'60.0"" S","15°18'0.0"" E"
Al Qahirah :,"30°3'0.0"" N","31°15'0.0"" E"
Lima :,"12°3'0.0"" S","77°2'60.0"" W"
Peking :,"39°55'44.0"" N","116°23'16.8"" E"
London :,"51°30'0.0"" N","0°7'0.0"" W"
Tehran :,"35°40'18.8"" N","51°25'27.8"" E"
Bogota (Bogotá) :,"4°35'60.0"" N","74°4'59.9"" W"
Hong Kong :,"22°16'59.9"" N","114°9'0.0"" E"
Dhaka :,"23°43'23.2"" N","90°24'31.0"" E"
Lahore :,"31°32'58.9"" N","74°20'37.0"" E"
Rio De Janeiro :,"22°53'60.0"" S","43°13'59.9"" W"
Baghdad :,"33°20'19.0"" N","44°23'38.0"" E"
Bangkok :,"13°45'0.0"" N","100°31'1.2"" E"
Bangalore :,"12°58'59.9"" N","77°34'59.9"" E"
Santiago :,"33°27'0.0"" S","70°40'0.1"" W"
Calcutta :,"22°34'10.9"" N","88°22'10.9"" E"
Toronto :,"43°40'0.1"" N","79°25'0.1"" W"
Dagon :,"16°46'59.9"" N","96°10'0.1"" E"
Sydney :,"33°52'59.9"" S","151°13'1.2"" E"
Madras :,"13°4'59.9"" N","80°16'59.9"" E"
Abia :,"5°31'60.0"" N","7°52'60.0"" E"
Wuhan :,"30°34'59.9"" N","114°16'1.2"" E"
Ogun :,"7°13'0.0"" N","3°36'0.0"" E"
Saint Petersburg :,"59°53'39.8"" N","30°15'51.1"" E"
Chongqing :,"29°33'46.1"" N","106°33'10.8"" E"
Xian :,"34°15'43.9"" N","108°56'16.8"" E"
Chengdu :,"30°40'0.1"" N","104°4'1.2"" E"
Chittagong :,"22°21'49.0"" N","91°48'11.9"" E"
Los Angeles :,"34°3'7.9"" N","118°14'34.8"" W"
Alexandria :,"31°11'53.2"" N","29°55'9.1"" E"
Tianjin :,"39°8'31.9"" N","117°10'37.2"" E"
Melbourne :,"37°49'0.1"" S","144°58'1.2"" E"
Ahmadabad :,"23°1'59.9"" N","72°37'0.1"" E"
Abidjan :,"5°20'28.0"" N","4°1'41.0"" W"
Busan :,"35°6'10.1"" N","129°2'24.0"" E"
Kano :,"11°59'47.0"" N","8°31'0.0"" E"
Casablanca :,"33°35'35.2"" N","7°36'59.0"" W"
Hyderabad :,"17°22'31.1"" N","78°28'27.8"" E"
Yokohama :,"35°27'0.0"" N","139°39'0.0"" E"
Ibadan :,"7°23'16.0"" N","3°53'47.0"" E"
Singapore :,"1°17'35.0"" N","103°51'21.6"" E"
Ankara :,"39°55'37.9"" N","32°51'51.8"" E"
Shenyang :,"41°47'31.9"" N","123°25'58.8"" E"
Riyadh :,"24°38'26.9"" N","46°46'22.1"" E"
Ho Chi Minh City :,"10°45'0.0"" N","106°40'1.2"" E"
Cape Town :,"33°55'0.1"" S","18°25'0.1"" E"
Berlin :,"52°31'0.1"" N","13°24'0.0"" E"
Montreal :,"45°30'0.0"" N","73°34'59.9"" W"
Harbin :,"45°45'0.0"" N","126°39'0.0"" E"
Pyongyang :,"39°1'9.8"" N","125°45'18.0"" E"
Guangzhou :,"23°7'0.1"" N","113°15'0.0"" E"
Durban :,"29°51'0.0"" S","31°1'0.1"" E"
Madrid :,"40°23'60.0"" N","3°40'60.0"" W"
Nanjing :,"32°3'42.1"" N","118°46'40.8"" E"
Kabul :,"34°31'0.1"" N","69°10'59.9"" E"
Pune :,"18°31'59.9"" N","73°52'0.1"" E"
Surat :,"20°58'0.1"" N","72°54'0.0"" E"
Chicago :,"41°51'0.0"" N","87°39'0.0"" W"
Kanpur :,"26°28'0.1"" N","80°20'60.0"" E"
Umm Durman :,"15°38'10.0"" N","32°26'13.9"" E"
Luanda :,"8°50'18.0"" S","13°14'3.8"" E"
Addis Abeba :,"9°1'60.0"" N","38°42'0.0"" E"
Nairobi :,"1°16'60.0"" S","36°49'0.1"" E"
Taiyuan (Taiyüan) :,"37°43'36.8"" N","112°28'15.6"" E"
Jaipur :,"26°55'0.1"" N","75°49'0.1"" E"
Salvador :,"12°58'59.9"" S","38°31'0.1"" W"
Dakar :,"14°40'14.9"" N","17°26'17.2"" W"
Dar Es Salaam :,"6°47'60.0"" S","39°16'59.9"" E"
Rome :,"41°53'60.0"" N","12°28'59.9"" E"
Yunfu :,"22°55'59.9"" N","112°1'58.8"" E"
Changwat Nakhon Rat Sima :,"14°58'0.1"" N","102°7'1.2"" E"
Al Basrah :,"30°29'39.1"" N","47°49'9.1"" E"
Osaka :,"34°40'0.1"" N","135°30'0.0"" E"
Mogadishu :,"2°4'0.0"" N","45°22'0.1"" E"
Taegu :,"35°52'13.1"" N","128°35'27.6"" E"
Jiddah :,"21°31'0.8"" N","39°13'9.1"" E"
Changchun :,"43°52'48.0"" N","125°19'22.8"" E"
Taipei :,"25°2'21.1"" N","121°31'30.0"" E"
Kiev :,"50°25'59.9"" N","30°31'0.1"" E"
Faisalabad :,"31°25'0.1"" N","73°4'59.9"" E"
Izmir :,"38°24'25.9"" N","27°9'1.1"" E"
Lakhnau :,26°51'0.0" N,80°55'0.1" E,
Konia :,37°51'56.2" N,32°28'57.0" E,
Gizeh :,30°0'31.0" N,31°12'43.9" E,
Ceara (Ceará) :,3°43'0.0" S,38°30'0.0" W,
Cali :,3°26'14.0" N,76°31'21.0" W,
Surabaya :,7°14'57.0" S,112°45'3.6" E,
Brusa :,40°11'30.1" N,29°3'40.0" E,
Belo Horizonte :,19°55'0.1" S,43°55'59.9" W,
Grand Dakar :,14°42'32.0" N,17°27'19.1" W,
Al Kuwait :,29°22'10.9" N,47°58'41.9" E,
Mashhad :,36°17'44.9" N,59°36'42.8" E,
Brooklyn :,40°38'60.0" N,73°57'0.0" W,
Quezon :,14°38'38.0" N,121°2'13.2" E,
Nagpur :,21°8'60.0" N,79°5'60.0" E,
Harare :,17°49'4.1" S,31°2'40.9" E,
Brasilia (Brasília) :,15°46'59.9" S,47°55'0.1" W,
Santo Domingo :,18°28'0.1" N,69°54'0.0" W,
Nagoya :,35°10'0.1" N,136°55'1.2" E,
Havana :,23°7'54.8" N,82°21'51.1" W,
Kosovo :,42°38'21.8" N,21°5'46.0" E,
Aleppo :,36°12'10.1" N,37°9'31.0" E,
Paris :,48°52'0.1" N,2°19'60.0" E,
Changsha :,28°10'45.1" N,113°6'50.4" E,
Jinan :,36°40'5.9" N,116°59'49.2" E,
Al Mawsil Al Jadidah :,36°19'45.1" N,43°5'10.0" E,
Tangshan :,37°19'57.0" N,114°42'3.6" E,
Dalian :,38°54'43.9" N,121°36'7.2" E,
Houston :,29°45'47.2" N,95°21'47.2" W,
Johannesburg :,26°11'60.0" S,28°4'59.9" E,
Kowloon :,22°19'0.1" N,114°10'58.8" E,
Al Basrah Al Qadimah :,30°29'44.2" N,47°49'3.0" E,
Zhengzhou :,34°41'1.0" N,113°31'58.8" E,
Cheng :,34°45'28.1" N,113°38'56.4" E,
Medellin (Medellín) :,6°17'29.0" N,75°32'10.0" W,
Algiers :,36°45'47.2" N,3°3'2.0" E,
Tashkent :,41°19'0.1" N,69°15'0.0" E,
Al Jazair :,36°45'47.2" N,3°3'2.0" E,
Khartoum :,15°35'17.2" N,32°32'3.1" E,
Accra :,5°32'60.0" N,0°13'0.0" W,
Guayaquil :,2°10'0.0" S,79°54'0.0" W,
Maracaibo :,10°37'54.1" N,71°38'26.2" W,
Rabat :,34°1'31.1" N,6°50'10.0" W,
Sapporo :,43°3'16.9" N,141°21'14.4" E,
Jilin :,43°51'2.9" N,126°33'36.0" E,
Hangzhou :,30°15'19.1" N,120°10'8.4" E,
Bucuresti :,44°25'59.9" N,26°6'0.0" E,
Nanchang :,28°33'0.0" N,115°55'58.8" E,
Camayenne :,9°32'6.0" N,13°41'16.1" W,
Brisbane :,27°30'0.0" S,153°1'1.2" E,
Vancouver :,49°15'0.0" N,123°7'58.8" W,
Indore :,22°43'0.1" N,75°49'59.9" E,
Caracas :,10°30'0.0" N,66°55'0.1" W,
Ecatepec :,19°36'4.0" N,99°3'9.0" W,
Sanaa :,15°21'16.9" N,44°12'24.1" E,
Changwat Chiang Mai :,18°47'25.1" N,98°58'54.1" E,
Medan :,3°34'60.0" N,98°40'0.1" E,
Rawalpindi :,33°36'0.0" N,73°4'0.1" E,
Minsk :,53°53'60.0" N,27°34'0.1" E,
Mosul :,36°20'6.0" N,43°7'8.0" E,
Hamburg :,53°32'60.0" N,10°0'0.0" E,
Curitiba :,25°25'0.1" S,49°15'0.0" W,
Budapest :,47°30'0.0" N,19°4'59.9" E,
Bandung :,6°54'46.0" S,107°37'15.6" E,
Soweto :,26°16'0.1" S,27°52'0.1" E,
Edessa :,37°9'4.0" N,38°47'34.1" E,
Warsaw :,52°15'0.0" N,21°0'0.0" E,
Qingdao :,36°5'55.0" N,120°22'19.2" E,
Guadalajara :,20°40'0.1" N,103°19'58.8" W,
Pretoria :,25°42'24.8" S,28°13'45.8" E,
Alep :,36°12'10.1" N,37°9'31.0" E,
Patna :,25°36'0.0" N,85°7'0.1" E,
Bhopal :,23°16'0.1" N,77°24'0.0" E,
New Patna :,25°36'0.0" N,85°7'0.1" E,
Manaus :,3°6'48.0" S,60°1'31.1" W,
Xinyang :,32°5'44.9" N,114°7'12.0" E,
Kaduna :,10°31'23.2" N,7°26'25.0" E,
Damascus :,33°30'0.0" N,36°17'60.0" E,
Phnom Penh :,11°33'0.0" N,104°55'1.2" E,
Barcelona :,41°22'59.9" N,2°10'60.0" E,
Al-sham :,33°30'0.0" N,36°17'60.0" E,
Wien :,48°12'0.0" N,16°22'0.1" E,
Esfahan :,32°39'34.9" N,51°40'17.0" E,
Ludhiana :,30°53'60.0" N,75°50'60.0" E,
Changwat Nakhon Si Thammarat :,8°25'60.0" N,99°58'0.1" E,
Kobe :,34°40'59.9" N,135°10'1.2" E,
Bekasi :,6°14'22.0" S,106°59'34.8" E,
Kaohsiung :,22°37'59.9" N,120°20'60.0" E,
Kaohsiung :,22°37'4.1" N,120°18'3.6" E,
Ciudad Juarez (Ciudad Juárez) :,31°43'59.9" N,106°28'58.8" W,
Urumqi (Rümqi) :,43°47'60.0" N,87°34'59.9" E,
Changwat Chiang Rai :,19°52'59.9" N,99°45'0.0" E,
Changwat Surin :,14°49'0.1" N,103°25'1.2" E,
Thana :,19°11'60.0" N,72°58'0.1" E,
Recife :,8°3'0.0" S,34°53'60.0" W,
Taejon :,36°21'0.0" N,127°19'58.8" E,
Daejeon :,36°19'17.0" N,127°25'12.0" E,
Kumasi :,6°40'60.0" N,1°37'0.0" W,
Kyoto :,35°0'0.0" N,135°45'0.0" E,
Kuala Lumpur :,3°10'0.0" N,101°42'0.0" E,
Philadelphia :,39°57'7.9" N,75°9'51.1" W,
